,first_name,last_name,sex,nation,adress,province_code,postal_code,email,birthday,age,marital_status,income_per_month,last_education
0,Zuraida,Nadimah,F,Indonesian,"TIMBANG LAWAN, NAMO RAMBE, DELI SERDANG",,20356,zuraidanadimah7o@mail2culture.com,15 November 1985,36.0,single,Rp 4000000,Bachelor's degree
1,Bonifasius,Sofyan,M,Indonesian,"LIGIIBAK  /  LIGIMBAK (LAGIMBAK), KANGGIME (KANGGIMA ), TOLIKARA",,99568,ohdfuj3@mail2firm.com,25 October 1996,25.0,single,Rp.45000000,S-1
2,Mustofa,,,Indonesian,"MESJID GEULEUDIENG, PADANG TIJI, PIDIE",,24161,dally@tempmailer.de,06 January 1996,26.0,single,Rp17300000,Bachelor's degree
3,Hidayatullah,,M,Indonesian,"KALIGLAGAH, SUMBER BARU, JEMBER",,68156,hidayatullahkuwatcea&ozz.ru,15 November 1994,nan,married,Rp 43300000,Master's degree
4,Cinta,,F,Indonesian,"PASIKH NUNANG, LAWE ALAS, ACEH TENGGARA",,24661,cintak@hotmail.ro,06 March 1994,28.0,single,Rp.44550000,SMA
5,Encep,Mahmudi,,Indonesian,"SAMBIREJO, GAYAMSARI, SEMARANG",,50166,mahmudi6@mail2courtney.com,27 May 1992,,menikah,Rp19400000,Doctorate degree
6,Bethari,,M,Indonesian,"SARIREJA, JALANCAGAK, SUBANG",,41281,bethario@home.de,13 October 1998,,single,Rp3650000,Master's degree
7,Ketut,Gugum,M,Indonesian,"PETOK, MOJO, KEDIRI",,64162,ketutgugume@mail2pakistan.com,13 March 1989,132.0,belum menikah,Rp 47050000,Doctorate degree
8,Yosha,Tijah,F,Indonesian,"LAU, DAWE, KUDUS",,59353,yoshapgq@the-brazilian.com,01 February 1985,37.0,married,Rp 26000000,High school graduate
9,Fachry,Krisno,M,Indonesian,"PODOLUHUR, KLIRONG, KEBUMEN",,54381,fachrywu0@mail2hungary.com,22 April 1987,35.0,single,Rp17500000,S2
10,Syahid,Fahmi,M,Indonesian,"BANGKAT MONTE, BRANG REA, SUMBAWA BARAT",,84458,syahidfahmil3@findhere.com,03 August 1984,37.0,single,Rp.46600000,Bachelor's degree
11,Darma,Afendi,M,Indonesian,"TOBOBOL (TABOBOL), IBU SELATAN, HALMAHERA BARAT",,97754,afendidarma4@megago.com,24 March 1984,38.0,single,Rp 17700000,Bachelor's degree
12,Puti,Eko,F,Indonesian,"SUKANAGARA, JATINAGARA, CIAMIS",,46273,putiekoft@x-networks.net,20 July 1993,28.0,married,Rp.32500000,Master's degree
13,Fandy,Maliki,M,Indonesian,"LUBUK MINDAI, KETAHUN, BENGKULU UTARA",,38361,fandymalikircj@computermail.net,18 January 1996,26.0,single,Rp30100000,S-1
14,Kadek,,F,Indonesian,"MATANG BALOY, TANAH LUAS, ACEH UTARA",,24385,kadek9@mail2world.com,04 January 1993,29.0,single,Rp16750000,Bachelor's degree
15,Jannah,Karimah,F,Indonesian,"TARABBI, MALILI, LUWU TIMUR",,92981,jannahkarimahivu@mail2runner.com,10 June 1993,29.0,married,Rp 47050000,S1
16,Budi,Andri,M,Indonesian,"PERANTE, ASEMBAGUS, SITUBONDO",,68373,andrik3h@mail2turkey.com,10 April 1982,,married,Rp31550000,Bachelor's degree
17,Amat,Kuwat,,Indonesian,"KARAYUNAN, CIGASONG, MAJALENGKA",,45476,amatlq@muslim.com,19 December 1992,29.0,married,Rp.6350000,Bachelor's degree
18,Chaerunnisa,,F,Indonesian,"MOJOREJO, WATES, BLITAR",,66194,chaerunnisaw@gishpuppy.com,04 January 1988,34.0,single,Rp48200000,S-1
19,Warda,Nurul,,Indonesian,"NDIWAR, LELAK, MANGGARAI",,86516,wardanurult@iespana.es,21 December 1982,,married,Rp12700000,Bachelor's degree
20,Rafiqah,Syamsiah,F,Indonesian,"TAWANGSARI, KALIGESING, PURWOREJO",33.0,54175,syamsiaht4v@tverskie.net,01 May 1985,37.0,married,Rp11000000,Bachelor's degree
21,Cahyono,Widiyanto,,Indonesian,"MUARA, WANASALAM, LEBAK",,42396,cahyonoa_7@mail2looking.com,12 August 1981,40.0,lajang,Rp 27000000,S-2
22,Yulitta,,,Indonesian,"BALAI GADANG, KOTO TANGAH, PADANG",13.0,25171,deuisyulittaaa@qatar.io,22 January 1983,,single,Rp.28150000,Master's degree
23,Priyanto,,M,Indonesian,"BERINGIN AGUNG, SAMBOJA (SEMBOJA), KUTAI KARTANEGARA",,75271,priyantomuhaimin0jn@hotmail.fr,30 May 1990,32.0,single,Rp 22000000,Master's degree
24,Saniah,,,Indonesian,"PAKASAI, PARIAMAN TIMUR, PARIAMAN",,25524,juwariyahsaniahw@nuvse.com,08 October 1990,31.0,divorced,Rp5200000,Bachelor's degree
25,Vina,,F,Indonesian,"PADANG RATU, PADANG RATU, LAMPUNG TENGAH",,34175,dewivinahs@voo.be,07 January 1985,-37.0,single,Rp45200000,S1
26,Cucu,Suhaili,Unknown,Indonesian,"RANTAU PANJANG, LAWANG WETAN, MUSI BANYUASIN",,30752,cucuy0p@techsniper.com,17 March 1992,,belum menikah,Rp 4700000,High school graduate
27,Dillah,,F,Indonesian,"NUSA, KAHU, BONE",,92767,anisai@mail2sail.com,12 May 1994,,married,Rp.10500000,Bachelor's degree
28,Buleuen,,F,Indonesian,"BAHOI, LIKUPANG BARAT, MINAHASA UTARA",,95377,rahmawatih@mailcat.biz,04 November 1999,22.0,cerai,Rp32100000,S1
29,Catur,,M,Indonesian,"PENGAWU, TATANGA, PALU",,94239,catur59#webave.com,27 June 1991,30.0,divorced,Rp 39350000,S-1
30,Haedar,Kasep,M,Indonesian,"HILIGANOWO SALO\O, TELUK DALAM, NIAS SELATAN",,22865,kasepc_2@kissfans.com,03 January 1994,,single,Rp 19200000,Master's degree
31,Fitriyana,Nurmala,F,Indonesian,"BANDAR BARO, INDRA MAKMUR, ACEH TIMUR",11.0,24457,fitriyananurmala@globalpagan.com,19 August 1998,23.0,single,Rp 17700000,Bachelor's degree
32,Sukarno,,M,Indonesian,"PADANG MATINGI, RANTAU UTARA, LABUHAN BATU",,21411,saepudinr7@mail2champaign.com,29 September 1991,nan,single,Rp.47550000,Bachelor's degree
33,Jamilah,Nuraisyah,F,Indonesian,"PANALULUN, WELAREK, YALIMO",,99585,nuraisyahsy@chil-e.com,17 November 1990,31.0,married,Rp.27050000,Master's degree
34,Suriana,Fadhilah,,Indonesian,"KARANGJATI, WONOSEGORO, BOYOLALI",,57382,surianak@sunmail1.com,09 December 1990,31.0,lajang,Rp.38800000,Bachelor's degree
35,Septuagesima,Lusilla,F,Indonesian,"KAMPUNG PENSIUNAN, KEPAHIANG, KEPAHIANG",,39372,septuagesimadx@coolrio.com,04 July 1990,31.0,lajang,Rp 15050000,S-1
36,Asep,,M,Indonesian,"PULO REUDEUP, JANGKA, BIREUEN",,24261,asep@net-c.lu,28 November 1982,39.0,single,Rp 49900000,Bachelor's degree
37,Aceng,Soerianto,M,Indonesian,"TLOGOSONO, GEBANG, PURWOREJO",,54191,soeriantoacengvy@mail2jordan.com,21 August 1985,36.0,menikah,Rp20350000,Doctorate degree
38,Tana,Subrata,M,Indonesian,"KAMPUNG BARU, LABUHAN RATU, BANDAR LAMPUNG",,35149,tanaynd@dodgit.org,31 December 1986,35.0,single,Rp 35300000,Bachelor's degree
39,Sariwati,Mutia,F,Indonesian,"TITIOA, LATOMA, KONAWE",74.0,93461,mutiaco2@mail2cyprus.com,07 September 1981,40.0,single,Rp42800000,S-1
40,Nikodemus,Deks,,Indonesian,"MASALOKA BARAT (TENGAH), KEPULAUAN MASALOKA RAYA, BOMBANA",,93771,nikodemusm@the-hooligan.com,01 October 1996,25.0,belum menikah,Rp 26750000,High school graduate
41,Asiyah,,F,Indonesian,"LIKUBUK, NIRKURI, NDUGA",,99564,asiyahseptuagesimaeth@last-chance.pro,29 July 1992,29.0,cerai,Rp.40800000,Master's degree
42,Rexy,Riduan,M,Indonesian,"BABAYAU, PARINGIN, BALANGAN",63.0,71662,riduan0u@shockinmytown.cu.cc,10 November 1981,-40.0,belum menikah,Rp25800000,S-1
43,Prabowo,,M,Indonesian,"TANJUNGSARI INDAH, GUNUNG KENCANA, LEBAK",,42354,afrizal6@homestead.com,27 May 1995,27.0,single,Rp.22850000,Master's degree
44,Fadiyah,Mutya,F,Indonesian,"GEDUNG JAYA, RAWA PITU, TULANG BAWANG",,34595,fadiyahmutyag@motormania.com,20 June 1989,,divorced,Rp.12600000,Bachelor's degree
45,Mokamad,Abdi,M,Indonesian,"GUNUNG KELAMBU, BADIRI, TAPANULI TENGAH",,22654,abdii6@soodonims.com,05 October 1991,30.0,married,Rp36400000,Bachelor's degree
46,Putry,Patimah,F,Indonesian,"TRIHARJO, WATES, KULON PROGO",,55651,patimahputry35g@mail2newyork.com,27 November 1997,,single,Rp.35650000,Bachelor's degree
47,Meiliani,Raudha,F,Indonesian,"LIANG NAGA, TEWEH BARU, BARITO UTARA",,73814,meilianiraudhat@nakedgreens.com,08 February 1981,,divorced,Rp 17500000,Bachelor's degree
48,Jaga,Deks,M,Indonesian,"TIONER, TIMORI, TOLIKARA",,99569,jagamr@betriebsdirektor.de,02 January 1993,29.0,single,Rp.7100000,Bachelor's degree
49,Eha,Deuis,F,Indonesian,"LUBANG KIDUL, BUTUH, PURWOREJO",,54264,eha8d@airforceemail.com,12 May 1992,90.0,married,Rp34250000,S1
50,Abas,,M,Indonesian,"TENAWAHANG, TITEHENA, FLORES TIMUR",,86253,abassuwarnoul@yahoo.net,27 May 1989,33.0,married,Rp26450000,Bachelor's degree
51,Nanik,Norjannah,F,Indonesian,"MEKAR JAYA, AIR RAMI, MUKO MUKO",,38764,w1nfc@thesimpsonsfans.com,03 June 1986,108.0,single,Rp 25900000,SMA
52,Kasih,Saniah,F,Indonesian,"TEGALLEGA, WARUNGKONDANG, CIANJUR",,43261,saniahkasih4@nur-fuer-spam.de,21 August 1990,31.0,married,Rp.30800000,High school graduate
53,Hamdiah,Maemunah,F,Indonesian,"KAJASI, BIAK TIMUR, BIAK NUMFOR",,98152,hamdiahmaemunahl1x@mail2juan.com,08 January 1987,35.0,lajang,Rp41800000,Bachelor's degree
54,Ika,Nirmala,F,Indonesian,"MALOMBU, ANGKOLA SANGKUNUR, TAPANULI SELATAN",,22735,ikanirmala78&mail2traveler.com,24 April 1988,,menikah,Rp 28300000,SMA
55,Luky,Ariya,Unknown,Indonesian,"DANGE AJI, AIR BESAR, LANDAK",,79365,ariya2zv@whyspam.me,15 July 1991,30.0,married,Rp.20250000,Bachelor's degree
56,Rahmat,,Unknown,Indonesian,"RADABATA, GOLEWA, NGADA",,86461,dhana@mail2dillon.com,31 July 1985,36.0,single,Rp.46100000,S-1
57,Erwiana,Khairunnisa,F,Indonesian,"BUNTEN BARAT, KETAPANG, SAMPANG",,69261,oasznht@mail2plato.com,29 September 1989,96.0,divorced,Rp4550000,S-1
58,Bachtiar,,M,Indonesian,"PILIBAGA, MULIAMA, JAYAWIJAYA",,99554,bachtiarkusumo@planetmail.com,26 May 1983,39.0,divorced,Rp 30700000,Bachelor's degree
59,Putu,Junita,F,Indonesian,"SIANTAR TONGA TONGA I, SIANTAR NARUMONDA, TOBA SAMOSIR",,22384,junitalou@emailgroups.net,23 August 1982,39.0,single,Rp13050000,Master's degree
60,Widyaningsih,Shwita,F,Indonesian,"BIRAM CUT, TANAH JAMBO AYE, ACEH UTARA",,24394,widyaningsihshwitaq@mail2tony.com,28 July 1998,23.0,menikah,Rp.37500000,Bachelor's degree
61,Adi,Priyanto,M,Indonesian,"KERTOSONO, GADING, PROBOLINGGO",,67292,priyantoadigcj@lex.bg,31 May 1995,27.0,married,Rp39350000,S-1
62,Panca,Ardy,M,Indonesian,"KINEBE, TAGIME, TOLIKARA",,99561,ardypanca@mail2japanese.com,22 July 1995,26.0,single,Rp 37700000,High school graduate
63,Aqnes,Kalsum,F,Indonesian,"NDONDO, KOTABARU, ENDE",,86111,aqnes_hp@mail2jazz.com,19 May 1991,,single,Rp49300000,High school graduate
64,Norjannah,,F,Indonesian,"GARONGAN, PANJATAN, KULON PROGO",,55655,norjannahdy@mail2gloria.com,18 June 1994,,married,Rp 44550000,Bachelor's degree
65,Ayub,Mustofa,M,Indonesian,"SEUBAN LHOK, MANTASIEK (MONTASIK), ACEH BESAR",,23362,mustofaayub@bornagain.com,02 June 1985,-37.0,married,Rp13900000,Bachelor's degree
66,Kadir,,M,Indonesian,"RONTA, BONEGUNU, BUTON UTARA",,93673,budikadir3wd@koszmail.pl,22 November 1995,26.0,married,Rp.38250000,Bachelor's degree
67,Izzak,Kamaruzzaman,M,Indonesian,"PUNGGAWAN, BANJARSARI, SURAKARTA (SOLO)",,57132,izzakum@xoommail.com,03 January 1988,,menikah,Rp 12150000,Bachelor's degree
68,Ipa,Septuagesima,F,Indonesian,"TANJUNG SELAMAT, PADANG TUALANG, LANGKAT",,20852,ipaseptuagesimaol@dynamitemail.com,06 December 1980,nan,married,Rp25200000,S1
69,Farihah,Jamilah,F,Indonesian,"TAWANGSARI, KALIGESING, PURWOREJO",,54175,farihahjamilah9z@populus.net,07 August 1993,,single,Rp.7600000,High school graduate
70,Muhaimin,Krisno,,Indonesian,"KEBONDALEM, KENDAL, KENDAL",,51318,muhaiminkrisno@batuta.net,08 January 1981,41.0,married,Rp27500000,S-1
71,Muhtadi,,,Indonesian,"KUTE RAMBE, DARUL HASANAH, ACEH TENGGARA",,24653,ismatullahmuhtadi1@mail2suzie.com,09 August 1995,26.0,married,Rp.28350000,S1
72,Hamdiyah,Saripa,F,Indonesian,"SIRANINDI, PALU BARAT, PALU",,94221,saripa@fortuncity.com,02 December 1982,39.0,belum menikah,Rp.26450000,Bachelor's degree
73,Sitti,,F,Indonesian,"PAGENDINGAN, GALIS, PAMEKASAN",,69382,sittibahirahz@saintmail.net,08 October 1999,22.0,single,Rp1850000,S1
74,Anugrah,Susilo,M,Indonesian,"PENGUHAPAN, BABUL RAHMAH, ACEH TENGGARA",11.0,24673,_lc88_s@mymail.ro,01 August 1989,-32.0,divorced,Rp 6100000,Bachelor's degree
75,Mukhlis,,M,Indonesian,"TANJUNGSARI, SUKOMANUNGGAL, SURABAYA",35.0,60187,seninmukhlisg@mail2joe.com,01 October 1988,33.0,single,Rp4200000,Bachelor's degree
76,Erviana,,,Indonesian,"CIBATU, CISAAT, SUKABUMI",,43152,ratihh@mail2gabon.com,07 November 1992,29.0,married,Rp25050000,Bachelor's degree
77,Abdrazak,Naufal,,Indonesian,"MUARA DUA, PULAU PANGGUNG, TANGGAMUS",,35679,abdrazakkl0@mail2dave.com,27 July 1998,,married,Rp1250000,Doctorate degree
78,Mutya,Ipa,F,Indonesian,"SUKOANYAR, TURI, LAMONGAN",,62252,mutya918@jazzandjava.com,25 October 1995,,married,Rp.20550000,Bachelor's degree
79,Eni,Yunita,F,Indonesian,"AYEKI, ERAGAYAM, MAMBERAMO TENGAH",,99553,eniyunita51@e-mail.dk,23 April 1999,23.0,lajang,Rp 35500000,Bachelor's degree
80,Sutrisno,Fahmi,M,Indonesian,"PUTIH, GAMPENGREJO, KEDIRI",35.0,64182,fahmisutrisnonp@go4.it,08 October 1990,31.0,married,Rp.13150000,Master's degree
81,Nurdin,Memet,,Indonesian,"BENDA, SUKAMULYA, TANGERANG",,15610,nurdin@centermail.at,11 September 1980,,single,Rp 44650000,Bachelor's degree
82,Arsyad,,M,Indonesian,"REONG, DUSUN UTARA, BARITO SELATAN",,73752,nurdinarsyadv@techscout.com,20 October 1988,33.0,single,Rp.23050000,Bachelor's degree
83,Harjo,Muhaimin,M,Indonesian,"PAYA GAMBAR, BATANG KUIS, DELI SERDANG",,20372,muhaiminharjo8#mail2ned.com,27 June 1985,,single,Rp.27450000,Bachelor's degree
84,Faesal,Muslim,M,Indonesian,"BATU MBERONG, BADAR, ACEH TENGGARA",,24652,muslim4@adam.com.au,11 February 1991,62.0,married,Rp.28600000,S2
85,Subroto,Widodo,M,Indonesian,"LAKAWALI, MALILI, LUWU TIMUR",,92981,subroto571@indeedemail.com,21 September 1996,,married,Rp.7100000,Bachelor's degree
86,Isnin,Jaka,M,Indonesian,"TANJUNG, BENDO, MAGETAN",,63384,jakaisninb@yahoo.com.is,14 December 1988,-33.0,married,Rp.13000000,SMK
87,Ariya,Meurah,Unknown,Indonesian,"TERNATE BARU, SINGKIL, MANADO",,95232,meurahvp@yahoo.com.tw,08 May 1995,27.0,single,Rp.6550000,S-2
88,Effendie,Chalid,M,Indonesian,"TIGO BALAI, MATUR, AGAM",,26162,effendiek7@alumni.com,09 December 1998,,single,Rp.37100000,S1
89,Harta,,M,Indonesian,"GONDANGWAYANG, KEDU, TEMANGGUNG",,56252,brqpur@mail2niger.com,07 April 1983,39.0,divorced,Rp 31000000,Bachelor's degree
90,Jadid,Nikson,M,Indonesian,"NYUH TEBEL, MANGGIS, KARANGASEM",,80871,nikson@funky4.com,07 May 1990,32.0,belum menikah,Rp 17900000,S-1
91,Made,Darmawati,F,Indonesian,"PASI RAWA, KOTA SIGLI, PIDIE",,24116,made_6@mail2joe.com,19 January 1993,29.0,single,Rp 19000000,Bachelor's degree
92,Muhamad,Cahyono,M,Indonesian,"SEUNEUBOK PADANG, TEUNOM, ACEH JAYA",,23653,cahyonomuhamadyvx@from-africa.com,28 June 1984,37.0,single,Rp 35150000,Bachelor's degree
93,Dellia,,F,Indonesian,"ASINOWOWO, KONAWE, KONAWE",,93461,dewib@every1.net,12 August 1994,,divorced,Rp6200000,Bachelor's degree
94,Hasibah,Hawariah,,Indonesian,"ONAN RUNGGU I, SIPAHUTAR, TAPANULI UTARA",,22471,h2fq8lel@okbank.com,11 January 1995,,single,Rp 39500000,High school graduate
95,Saepudin,Mega,M,Indonesian,"KARANGTENGAH, SUBAH, BATANG",,51262,saepudinfd@jakuza.hu,02 July 1997,24.0,divorced,Rp.45900000,Bachelor's degree
96,Wirawan,,,Indonesian,"COT MONTIWAN, INGIN JAYA, ACEH BESAR",,23371,syamsudinwirawan@linktrader.com,07 October 1981,,single,Rp9300000,S1
97,Khaerunisa,Bernardia,,Indonesian,"SUKAMULYA, CIPONGKOR, BANDUNG BARAT",,40564,khaerunisabe@super-auswahl.de,12 February 1989,33.0,married,Rp800000,S1
98,Keumalahayati,Atiyah,F,Indonesian,"MUARA SOMA, BATANG NATAL, MANDAILING NATAL",12.0,22983,keumalahayatikg@italymail.com,08 March 1993,,married,Rp 5300000,Bachelor's degree
99,Aviana,,,Indonesian,"LILINA AJANGALE, ULAWENG, BONE",,92762,luthfiahaviana8@techspot.com,20 October 1983,,single,Rp 650000,Bachelor's degree
100,Widodo,Budhi,M,Indonesian,"TOREY, RASIEI, TELUK WONDAMA",92.0,98362,widodobudhia7@juniormail.com,30 July 1997,24.0,married,Rp.9800000,Doctorate degree
101,Durahman,,M,Indonesian,"RUHING RAYA, GUNUNG BINTANG AWAI, BARITO SELATAN",,73753,durahmanmc7@dropzone.com,30 August 1989,,cerai,Rp.46700000,Bachelor's degree
102,Saniah,,,Indonesian,"PAKASAI, PARIAMAN TIMUR, PARIAMAN",,25524,juwariyahsaniahw@nuvse.com,08 October 1990,31.0,divorced,Rp5200000,Bachelor's degree
103,Surya,Harta,M,Indonesian,"KERTOSARI, TANJUNG SARI, LAMPUNG SELATAN",,35361,surya@footard.com,15 July 1983,38.0,single,Rp.14550000,Doctorate degree
104,Bentang,Ratnacandra,Unknown,Indonesian,"BABADAN, WLINGI, BLITAR",,66184,bentangratnacandrasw@us.af,20 September 1981,40.0,lajang,Rp.500000,S-3
105,Ferisca,Deuis,F,Indonesian,"MEKAR NAULI, SIANTAR MARIHAT, PEMATANG SIANTAR",,21129,deuisferiscak@mail2ryan.com,19 September 1981,,married,Rp.33950000,Bachelor's degree
106,Yacub,,,Indonesian,"MUKTI LINCIR, KOTA BAHARU, ACEH SINGKIL",,24784,yacubit@netterchef.de,03 July 1995,,divorced,Rp.3200000,S2
107,Cahaya,,F,Indonesian,"BAYUNGCERIK, KINTAMANI, BANGLI",,80652,cahayadewiana9@mail2denmark.com,07 September 1986,,single,Rp46500000,High school graduate
108,Witri,,F,Indonesian,"SUESI, WERIMA, YAHUKIMO",,99571,hafisahwitrizu@fastmail.es,08 September 1989,32.0,single,Rp38850000,High school graduate
109,Alam,Muslim,,Indonesian,"BATUALU, SANGALLA SELATAN, TANA TORAJA",73.0,91881,muslimzd@nervmich.net,14 April 1991,31.0,married,Rp.9450000,Bachelor's degree
110,Adithya,,,Indonesian,"ULUM, WELAREK, YALIMO",,99585,adithyaamatm@t-online.de,18 April 1982,40.0,divorced,Rp.13600000,Master's degree
111,Durahman,,M,Indonesian,"RUHING RAYA, GUNUNG BINTANG AWAI, BARITO SELATAN",,73753,durahmanmc7@dropzone.com,30 August 1989,,cerai,Rp.46700000,Bachelor's degree
112,Timotius,,,Indonesian,"RIWA, BATU MANDI, BALANGAN",,71663,timotiusj1a@onlatedotcom.info,17 March 1994,-28.0,married,Rp 45150000,S1
113,Setyaningsih,Osha,,Indonesian,"MOLA NELAYAN BAKTI / BHAKTI, WANGI-WANGI SELATAN, WAKATOBI",,93795,osha3d@netradiomail.com,11 August 1997,24.0,single,Rp.9200000,S-2
114,Rugayah,Jelita,,Indonesian,"TEMPURSARI, SAPURAN, WONOSOBO",33.0,56373,jelitay@mail2color.com,21 September 1981,-40.0,single,Rp.15250000,Bachelor's degree
115,Mubarok,Helmi,M,Indonesian,"PARIT BARU, SALATIGA, SAMBAS",,79453,helmi45@webadicta.org,07 September 1988,-33.0,menikah,Rp 8100000,Bachelor's degree
116,Redha,Pamungkas,M,Indonesian,"HEGARMANAH, CIDOLOG, CIAMIS",,46352,pamungkasredhasz@hotmail.my,07 October 1987,34.0,lajang,Rp16150000,Bachelor's degree
117,Alif,Bagoes,M,Indonesian,"KASROMEGO, BEDUAI (BEDUWAI), SANGGAU",,78555,bagoes@eudoramail.com,08 August 1985,36.0,divorced,Rp.18400000,Master's degree
118,Noldi,Marzuki,,Indonesian,"NUNGKIMOR, HINGK, PEGUNUNGAN ARFAK",,98357,noldimarzuki_kd@mail2phil.com,05 February 1980,42.0,belum menikah,Rp.34250000,Bachelor's degree
119,Suryo,Zulfadli,M,Indonesian,"PULAU PANGGUNG, ABUNG TINGGI, LAMPUNG UTARA",,34556,zulfadlisuryof@mail2aquarius.com,29 December 1994,,lajang,Rp.5600000,Bachelor's degree
120,Syahnaz,,,Indonesian,"KALAI DUAI, ARMA JAYA, BENGKULU UTARA",,38611,syahnazkautsaro#cybercity-online.net,21 October 1981,40.0,single,Rp12500000,Bachelor's degree
121,Dicky,Muhammat,M,Indonesian,"PANGAWINAN, BANDUNG, SERANG",,42176,muhammatdickyu@gyorsposta.hu,28 September 1995,26.0,single,Rp 16400000,Bachelor's degree
122,Memet,Ichsan,M,Indonesian,"BERUMBUNG BARU (TILAN), DAYUN, SIAK",,28671,memet3fo@guyanafriends.com,24 December 1980,,single,Rp35700000,Bachelor's degree
123,Waliyuddin,,M,Indonesian,"SASA, TERNATE SELATAN (KOTA), TERNATE",,97719,abdullahm4@anti-ignorance.net,08 July 1988,,single,Rp 14750000,Bachelor's degree
124,Chairuddin,,M,Indonesian,"WANA MAKMUR, SEMENDAWAI TIMUR, OGAN KOMERING ULU TIMUR",,32185,hidayatullahxz@mail2eat.com,02 June 1990,96.0,single,Rp 31500000,S2
125,Kautsar,Qalbinur,Unknown,Indonesian,"DURIAN BUBUR, TALO, SELUMA",17.0,38874,kautsaro@ihateclowns.com,08 February 1987,35.0,married,Rp 19550000,Master's degree
126,Khairiyah,Rugayah,,Indonesian,"TANJUNG KELIT, SENAYANG, LINGGA",,29873,khairiyahh&fromtennessee.com,09 August 1994,,single,Rp.17200000,Bachelor's degree
127,Rezky,Man,Unknown,Indonesian,"GUNUNG SARI, BUMIAJI, BATU",35.0,65337,rezky_@indomail.com,10 July 1986,35.0,married,Rp 38450000,High school graduate
128,Raya,Putu,F,Indonesian,"PANDAK, BALONG, PONOROGO",,63461,rayaputur@mail2scott.com,23 August 1999,,single,Rp.33700000,S-1
129,Wisnu,Tana,M,Indonesian,"TUMBANG POSU, DAMANG BATU, GUNUNG MAS",62.0,74553,tana7t@marketing.lu,05 January 1992,30.0,single,Rp9400000,S-1
130,Muhamat,Hakim,M,Indonesian,"BUWEK, RANDUAGUNG, LUMAJANG",,67354,hakimmuhamatzr@spamdecoy.net,26 December 1987,,single,Rp 30000000,S1
131,Adityo,Helmi,M,Indonesian,"TEGALSARI TIMUR, AMPELGADING, PEMALANG",,52364,adityohelmi6r@mail2northamerica.com,15 June 1987,,belum menikah,Rp350000,Bachelor's degree
132,Ramli,Angkasa,M,Indonesian,"PATTONGKO, TELLU LIMPOE, SINJAI",,91671,angkasa6@blueyonder.co.uk,22 March 1990,,single,Rp.46300000,High school graduate
133,Rata,Ratna,,Indonesian,"LONGORI  /  LANGORI, BAULA, KOLAKA",,93561,ratna_o@centrum.sk,24 November 1982,,single,Rp.42150000,S-1
134,Shofiyah,Syahidah,F,Indonesian,"PONDOK WULUH, LECES, PROBOLINGGO",,67273,c30r_@forgetmail.com,08 April 1995,27.0,single,Rp22100000,High school graduate
135,Saifuddin,,,Indonesian,"CIDADAP, SIMPENAN, SUKABUMI",,43361,4jnlxw@mail2turbo.com,20 October 1980,41.0,single,Rp46350000,S2
136,Zuraida,Nadimah,F,Indonesian,"TIMBANG LAWAN, NAMO RAMBE, DELI SERDANG",,20356,zuraidanadimah7o@mail2culture.com,15 November 1985,36.0,single,Rp 4000000,Bachelor's degree
137,Azan,,M,Indonesian,"LINTANG PELAMAN, KAPUAS (SANGGAU KAPUAS), SANGGAU",,78516,azan29#movieemail.net,05 July 1980,41.0,divorced,Rp 14100000,Master's degree
138,Budiono,,,Indonesian,"LINDUK, SURU-SURU, ASMAT",,99778,riduanbudionoo@freesurf.nl,11 February 1989,33.0,single,Rp19450000,S1
139,Abdi,Khakim,M,Indonesian,"RIMBA JAYA, MERAUKE, MERAUKE",,99611,abdikhakimg@lycos.ru,22 November 1990,31.0,married,Rp 13600000,Master's degree
140,Yacub,,,Indonesian,"MUKTI LINCIR, KOTA BAHARU, ACEH SINGKIL",,24784,yacubit@netterchef.de,03 July 1995,,divorced,Rp.3200000,S2
141,Asef,Zul,M,Indonesian,"LUBUK BESAR, TIANG PUMPUNG KEPUNGUT, MUSI RAWAS",,31661,zulb@taotaotano.com,04 June 1988,34.0,married,Rp11650000,Bachelor's degree
142,Sugeng,Rohim,M,Indonesian,"DINDOK, HILIPUK, YAHUKIMO",,99578,sugengrohim@socialworker.net,02 March 1999,23.0,divorced,Rp29250000,S1
143,Budiharto,,M,Indonesian,"EMPURA, KETUNGAU HULU, SINTANG",,78654,nugrahavk@gehensiemirnichtaufdensack.de,23 May 1998,96.0,single,Rp 18050000,Bachelor's degree
144,Indera,,M,Indonesian,"KALONGAN, UNGARAN TIMUR, SEMARANG",,50519,buanaindera3@wrongmail.com,02 August 1996,,menikah,Rp.27700000,Bachelor's degree
145,Syahidah,Nafisah,F,Indonesian,"BRABO, TANGGUNGHARJO, GROBOGAN",,58166,syahidahyac@icqmail.com,15 November 1998,23.0,single,Rp 44800000,Bachelor's degree
146,Aji,,M,Indonesian,"MADALE, POSO KOTA UTARA, POSO",,94614,memetaji0n4@mail2kyle.com,11 April 1994,28.0,single,Rp 20500000,S-1
147,Widiyanto,,,Indonesian,"PARLOMBUAN, PANGARIBUAN, TAPANULI UTARA",,22472,widiyanto@viewcastmedia.com,20 August 1988,,married,Rp38900000,Master's degree
148,Sumitra,,Unknown,Indonesian,"KRUENG RAYA, SUKAKARYA, SABANG",,23515,sumitradhien2@mail2aphrodite.com,19 September 1997,24.0,divorced,Rp3300000,Bachelor's degree
149,Hafiezah,,F,Indonesian,"PEMATANG DAMAR, BANGKO PUSAKA (PUSAKO), ROKAN HILIR",,28992,hafiezahnuraida_@mail2todd.com,04 August 1989,,divorced,Rp.38850000,Bachelor's degree
150,Melati,,,Indonesian,"POEA, RUMBIA TENGAH, BOMBANA",,93771,kadekj@odnorazovoe.ru,24 April 1997,25.0,single,Rp.22600000,Bachelor's degree
151,Setyawati,Hawariah,F,Indonesian,"IAN TENA, KEWAPANTE, SIKKA",,86181,hawariahsetyawati@mail2maurice.com,21 July 1985,36.0,belum menikah,Rp 49700000,Bachelor's degree
152,Shofiah,,F,Indonesian,"TUGUREJO, KEBAWETAN (KABAWETAN), KEPAHIANG",,39373,nurfaizahqr@visitweb.com,01 October 1998,23.0,single,Rp.41250000,Bachelor's degree
153,Wulandari,,F,Indonesian,"TANJUNG REJO, NEGERI KATON, PESAWARAN",,35353,lenitawulandarif_v@healthemail.net,04 April 1987,35.0,single,Rp 40200000,Bachelor's degree
154,Jefri,,M,Indonesian,"BAKAN, LOLAYAN, BOLAANG MONGONDOW (BOLMONG)",,95771,jefri2&8848.net,16 December 1983,38.0,divorced,Rp7500000,S-1
155,Maemunah,Alzena,F,Indonesian,"AYARI, TELUK AMPIMOI, KEPULAUAN YAPEN (YAPEN WAROPEN)",,98252,maemunah45@nchoicemail.com,16 November 1986,,lajang,Rp 11250000,Bachelor's degree
156,Marzuki,Boentoro,M,Indonesian,"PASMA MAMBU, MESSAWA, MAMASA",,91361,boentoromarzuki@businessman.net,30 September 1998,23.0,divorced,Rp 46700000,S-1
157,Priyo,,M,Indonesian,"KOTO DIAIR, AIR HANGAT, KERINCI",,37161,bagusvv3@animalwoman.net,08 July 1998,,single,Rp 20650000,Doctorate degree
158,Batari,Meulu,F,Indonesian,"SONGOWARENG, BLULUK, LAMONGAN",,62274,batarimeulum@antiqueemail.com,21 May 1998,24.0,married,Rp 20550000,Bachelor's degree
159,Agung,Izzak,,Indonesian,"LAME, PUJUNGAN, MALINAU",,77562,izzakav@schoolemail.com,21 September 1986,35.0,single,Rp14450000,Bachelor's degree
160,Abdul,Wahyu,,Indonesian,"SEBERANG, SEBATIK UTARA, NUNUKAN",,77483,abdulwahyut@cyber4all.com,29 May 1996,26.0,single,Rp 30750000,Bachelor's degree
161,Maisarah,Masturah,,Indonesian,"SAWAH, KUANTAN TENGAH, KUANTAN SINGINGI",,29511,masturahe@tempemail.com,21 August 1987,,lajang,Rp.12450000,Bachelor's degree
162,Tri,,F,Indonesian,"TUMBANG MAGIN, SULING TAMBUN, SERUYAN",62.0,74291,wandicv@meine-urlaubsfotos.de,30 September 1988,,married,Rp 2650000,Bachelor's degree
163,Kirana,Tipah,F,Indonesian,"SAWANG BENDAR, TAHUNA, KEPULAUAN SANGIHE",,95812,tipah9j@mail2gabon.com,26 July 1988,,single,Rp31450000,Bachelor's degree
164,Taufiq,Hamzah,M,Indonesian,"RAMBAH HILIR TIMUR, RAMBAH HILIR, ROKAN HULU",,28557,hamzah_@mail2cathy.com,11 March 1981,,married,Rp.1050000,SMA
165,Endang,Kautsar,Unknown,Indonesian,"UMBU WANGU, WEWEWA SELATAN, SUMBA BARAT DAYA",53.0,87263,kautsarg77@mailzi.ru,16 August 1999,22.0,married,Rp.48050000,Doctorate degree
166,Setyawan,Abdullah,M,Indonesian,"LANGKEMA, KABAENA SELATAN, BOMBANA",,93781,abdullahsetyawanc@wazabi.club,23 April 1997,,married,Rp 37150000,Master's degree
167,Subrata,,M,Indonesian,"LAHUSA SUSUA, ULUSUSUA, NIAS SELATAN",,22866,amatsubratakmp@city-of-coventry.com,19 October 1985,36.0,cerai,Rp.15450000,Bachelor's degree
168,Yatno,,M,Indonesian,"LEMBUNG TIMUR, LENTENG, SUMENEP",,69461,basukiw@hotbrev.com,01 February 1998,24.0,single,Rp.23750000,S3
169,Basyir,Rachman,,Indonesian,"SUBSAL, HOGIO (HUGIO), YAHUKIMO",91.0,99571,basyirrachmanpv@liveradio.tk,03 December 1991,30.0,belum menikah,Rp 8700000,S-1
170,Amran,Khrisna,M,Indonesian,"BANDA, WARIS, KEEROM",,99467,khrisnao9i@inorbit.com,09 February 1995,54.0,single,Rp 5750000,Master's degree
171,Humaidah,Ferisca,F,Indonesian,"TANJUNG BULAN, RAMBANG KUANG, OGAN ILIR",,30869,humaidahferiscav@mailboom.com,26 March 1983,39.0,cerai,Rp 15100000,Master's degree
172,Muhaimin,Krisno,,Indonesian,"KEBONDALEM, KENDAL, KENDAL",,51318,muhaiminkrisno@batuta.net,08 January 1981,41.0,married,Rp27500000,S-1
173,Divanya,Vinata,F,Indonesian,"TORAWAT, KAO BARAT, HALMAHERA UTARA",82.0,97764,divanyavinata@hang-ten.com,22 November 1985,36.0,single,Rp 38850000,Master's degree
174,Dzulqarnain,Wira,,Indonesian,"TANJONG LIPAT II, BENDAHARA, ACEH TAMIANG",11.0,24472,dzulqarnainwira8@postino.it,14 October 1982,78.0,single,Rp.28750000,Bachelor's degree
175,Abdullah,Aa,M,Indonesian,"TULUPARI, TIRIS, PROBOLINGGO",,67287,abdullahb6n@movieluver.com,27 December 1993,112.0,single,Rp37050000,Bachelor's degree
176,Nimah,,F,Indonesian,"AMDUI, BATANTA SELATAN, RAJA AMPAT",,98484,delliay@geologist.com,08 January 1993,29.0,single,Rp 36100000,Bachelor's degree
177,Saifannur,Dzulqarnain,M,Indonesian,"PEBOA, PETASIA TIMUR, MOROWALI",,94971,saifannur7o@qwest.net,06 January 1997,25.0,single,Rp.9300000,Bachelor's degree
178,Kadek,,F,Indonesian,"MATANG BALOY, TANAH LUAS, ACEH UTARA",,24385,kadek9@mail2world.com,04 January 1993,29.0,single,Rp16750000,Bachelor's degree
179,Dzulqarnain,Wira,,Indonesian,"TANJONG LIPAT II, BENDAHARA, ACEH TAMIANG",11.0,24472,dzulqarnainwira8@postino.it,14 October 1982,78.0,single,Rp.28750000,Bachelor's degree
180,Melur,Puspawati,,Indonesian,"LIMO KOTO, BONJOL, PASAMAN",,26381,melurpuspawatih@eprompter.com,13 June 1986,36.0,divorced,Rp22800000,Bachelor's degree
181,Putry,Widia,F,Indonesian,"BANJAR GANJANG, PARMAKSIAN, TOBA SAMOSIR",,22384,widia7l@deafemail.net,12 November 1981,,married,Rp9400000,S1
182,Andri,Wahyu,M,Indonesian,"WAYATI, FAKFAK TIMUR, FAKFAK",,98662,andrijk@mailguard.me,03 April 1981,nan,lajang,Rp.32350000,S-1
183,Fakhriyah,Sariwati,F,Indonesian,"PURWOSARI, NATAR, LAMPUNG SELATAN",,35362,fakhriyahsariwatini1@ekidz.com.au,16 September 1991,30.0,belum menikah,Rp.47400000,High school graduate
184,Qalbinur,,Unknown,Indonesian,"GELOK MULYA, SUMBERJAYA, MAJALENGKA",,45455,qn9tot1k@mail2jamie.com,01 February 1985,37.0,menikah,Rp9700000,Bachelor's degree
185,Rarung,Mahendri,,Indonesian,"BATUAJI, RINGINREJO, KEDIRI",,64176,rarunggt@expressasia.com,31 December 1986,,single,Rp 7050000,S-1
186,Bis,,M,Indonesian,"KELINJAU ULU, MUARA ANCALONG, KUTAI TIMUR",,75556,memed0x@mamber.net,11 September 1982,39.0,single,Rp 36050000,S1
187,Zulkarnaen,Budiman,M,Indonesian,"SUKAJAYA, KORONCONG, PANDEGLANG",,42251,zulkarnaenobr@from-brazil.com,25 May 1989,33.0,married,Rp 22150000,Master's degree
188,Hendra,Lingga,M,Indonesian,"SEMELINANG TEBING, PERANAP, INDRAGIRI HULU",,29354,hendra_c@mail2algeria.com,25 March 1992,,menikah,Rp.25900000,S1
189,Ibu,Nirmala,F,Indonesian,"SEMANAN, KALIDERES, JAKARTA BARAT",,11850,nirmalaibu1^a-player.org,10 September 1988,33.0,single,Rp.42900000,S1
190,Kamelia,Mei,,Indonesian,"LUBUK BERNAI, BATANG ASAM, TANJUNG JABUNG BARAT",,36552,meikameliap@pakistanmail.com,02 January 1984,38.0,single,Rp 42150000,S-1
191,Nimatullah,Alie,M,Indonesian,"SIBLAH COH, ULIM, PIDIE JAYA",,24187,nimatullahalie9f@mail2adorable.com,15 May 1987,35.0,single,Rp.39750000,S-1
192,Bulan,Saniah,F,Indonesian,"DRIYOREJO, DRIYOREJO, GRESIK",,61177,bulansaniahch9@regbypass.com,24 June 1992,,single,Rp41450000,S2
193,Priskiana,,,Indonesian,"SEKARAN, JATIROGO, TUBAN",,62362,ayinf7@freeandsingle.com,07 July 1996,25.0,single,Rp 38500000,Bachelor's degree
194,Erviana,,,Indonesian,"CIBATU, CISAAT, SUKABUMI",,43152,ratihh@mail2gabon.com,07 November 1992,29.0,married,Rp25050000,Bachelor's degree
195,Nuraida,Setiawati,F,Indonesian,"PIRIKAN, SECANG, MAGELANG",,56195,setiawati4n@norikomail.com,27 July 1985,36.0,belum menikah,Rp15350000,Bachelor's degree
196,Khaerunnisa,Batari,F,Indonesian,"MAWALI, LEMBEH UTARA, BITUNG",71.0,95555,batarilg@aol.com,13 August 1989,32.0,lajang,Rp1450000,S-1
197,Maman,Kamaruzzaman,M,Indonesian,"TANJUNG LANJUT, SEKERNAN, MUARO JAMBI",,36381,kamaruzzamanmamanb2@lowandslow.com,09 January 1992,90.0,divorced,Rp 8400000,Bachelor's degree
198,Suhaeli,Achmad,M,Indonesian,"KAWE, AWINBON, PEGUNUNGAN BINTANG",,99575,suhaeli1j@the-airforce.com,15 November 1997,24.0,married,Rp 10750000,Doctorate degree
199,Arsyad,,M,Indonesian,"REONG, DUSUN UTARA, BARITO SELATAN",,73752,nurdinarsyadv@techscout.com,20 October 1988,33.0,single,Rp.23050000,Bachelor's degree
200,Shiane,,F,Indonesian,"LAMARAN, BINUANG, SERANG",,42196,buleuena@mail2westend.com,14 November 1985,nan,single,Rp 35150000,Bachelor's degree
201,Setyawati,Kartika,F,Indonesian,"OBESI, MOLLO UTARA, TIMOR TENGAH SELATAN",,85552,kartikasetyawatild&mail.r-o-o-t.com,21 March 1986,36.0,divorced,Rp.2000000,SMK
202,Wahyu,Noerdin,M,Indonesian,"PEGAGAN JULU I, SUMBUL, DAIRI",,22281,wahyunoerdinu@mail2christmas.com,21 October 1997,24.0,belum menikah,Rp42150000,Bachelor's degree
203,Mahfud,Raffi,M,Indonesian,"CANDI, BANDAR, BATANG",,51254,raffimahfudw@llandudno.com,26 April 1996,26.0,lajang,Rp8850000,S1
204,Ishak,Robiy,M,Indonesian,"HELUMO, ANGGREK, GORONTALO UTARA",,96525,robiynn@hotmail.com.au,06 May 1996,-26.0,divorced,Rp10400000,S-1
205,Jahja,Durahman,M,Indonesian,"PASARAN PARSAORAN, NAINGGOLAN, SAMOSIR",,22394,durahman1@sent.at,04 March 1997,25.0,lajang,Rp 15200000,Bachelor's degree
206,Kamaruddin,,,Indonesian,"TEBING RAMBUTAN, NASAL, KAUR",,38964,kamaruddinl6@space-man.com,12 December 1984,37.0,lajang,Rp.38500000,Bachelor's degree
207,Yatno,,M,Indonesian,"LEMBUNG TIMUR, LENTENG, SUMENEP",,69461,basukiw@hotbrev.com,01 February 1998,24.0,single,Rp.23750000,S3
208,Dally,Maman,,Indonesian,"SIGI, KAHAYAN TENGAH, PULANG PISAU",,74862,mamandally11@mail2persian.com,19 February 1988,34.0,divorced,Rp400000,Bachelor's degree
209,Nasirah,Bahirah,F,Indonesian,"TABONGO BARAT, TABONGO, GORONTALO",,96271,bahirahnasirahy@pool-sharks.com,06 November 1995,26.0,married,Rp18450000,Bachelor's degree
210,Masturah,Wulan,F,Indonesian,"TENILO, LIMBOTO, GORONTALO",,96218,masturahms@interlap.com.ar,13 May 1994,28.0,single,Rp 40450000,Bachelor's degree
211,Kasim,Hamengkubuwono,,Indonesian,"NGARES, TRENGGALEK, TRENGGALEK",,66319,hamengkubuwonokasim1b@iobox.fi,31 May 1998,,single,Rp.7200000,Bachelor's degree
212,Moammar,,M,Indonesian,"EMPANG BAWAH, EMPANG, SUMBAWA",,84384,mahmudimoammar3a@fastemailextractor.net,25 July 1981,120.0,married,Rp.38150000,Bachelor's degree
213,Marno,Zulkipli,M,Indonesian,"KARANG REJO, SEMAKA, TANGGAMUS",,35386,zulkiplimarnoj@i-love-cats.com,21 June 1987,34.0,divorced,Rp 5000000,Master's degree
214,Luh,,F,Indonesian,"MULYO SARI, TANJUNG SARI, LAMPUNG SELATAN",,35361,mutiad2@web-mail.com.ar,16 January 1991,nan,single,Rp.25150000,S1
215,Mochtar,Raharjo,M,Indonesian,"YALMABI, BOMELA, YAHUKIMO",,99578,mochtarraharjojw1@conexcol.com,01 December 1988,,cerai,Rp 35700000,Bachelor's degree
216,Masudah,,,Indonesian,"IRIATI, WASIOR, TELUK WONDAMA",92.0,98362,zalmazg@quickmail.nl,02 December 1987,,belum menikah,Rp.21700000,S-1
217,Man,Memoir,Unknown,Indonesian,"GEDAWANG, BANYUMANIK, SEMARANG",33.0,50266,memoirpr@pezeshkpour.com,19 October 1994,27.0,single,Rp 13050000,S2
218,Chintara,,F,Indonesian,"OGODOME (ODAGOME), BALINGGA, LANNY JAYA",,99567,chintarawidiast@vip.qq.com,22 October 1994,27.0,single,Rp44000000,Bachelor's degree
219,Kusumo,,M,Indonesian,"TATABA, BUKO, BANGGAI KEPULAUAN",,94881,junaedi@gocubs.com,10 June 1988,,single,Rp.25200000,Bachelor's degree
220,Syaripah,Dian,F,Indonesian,"SINAR PALEMBANG, CANDIPURO, LAMPUNG SELATAN",,35356,syaripah0wf@mail2bolivia.com,30 August 1991,,single,Rp 27950000,Bachelor's degree
221,Abdurachman,Adenan,M,Indonesian,"TAPAK MERIAH, SILINDA, SERDANG BEDAGAI",12.0,20984,adenanq7@email.it,24 August 1997,24.0,single,Rp8800000,Bachelor's degree
222,Alzena,Bulan,F,Indonesian,"JOHO, PRAMBANAN, KLATEN",,57454,alzenabulan@the-galaxy.net,05 September 1987,34.0,menikah,Rp 48300000,Bachelor's degree
223,Bernardia,Susilawati,F,Indonesian,"LENGKONG, MOJOANYAR, MOJOKERTO",,61364,bernardiasusilawati@mail2protect.com,28 March 1993,58.0,married,Rp.46650000,Bachelor's degree
224,Aziem,,M,Indonesian,"MANGGIHAN, GETASAN, SEMARANG",,50774,aziemsutrisnoqw@hotmail.fi,10 April 1988,34.0,single,Rp 4550000,Bachelor's degree
225,Nurmala,Novita,F,Indonesian,"LEBUNG LAWE, BUAY BAHUGA, WAY KANAN",,34767,novitanurmalaitd@yahoofs.com,05 November 1997,24.0,menikah,Rp 37000000,High school graduate
226,Paridah,Noorhayati,F,Indonesian,"BATANG, TAKABONERATE, SELAYAR (KEPULAUAN SELAYAR)",,92861,paridah928@canoemail.com,02 December 1999,22.0,single,Rp 20450000,Bachelor's degree
227,Saidah,Sri,F,Indonesian,"MOLOBOG BARAT, NUANGAN, BOLAANG MONGONDOW TIMUR",,95775,srik@from-russia.com,16 June 1981,40.0,married,Rp11450000,S-1
228,Rizka,Syamsiah,,Indonesian,"DIMBARA, GEYA, TOLIKARA",,99562,4g6yi@chaiyomail.com,07 September 1989,32.0,cerai,Rp 19000000,Bachelor's degree
229,Marwilis,Syahnaz,Unknown,Indonesian,"SEULEUMAK MUDA, NURUSSALAM, ACEH TIMUR",,24456,marwilissyahnaz2n@fastmail.cn,05 March 1988,34.0,single,Rp49000000,Master's degree
230,Shafiyah,,F,Indonesian,"ADABANG, TITEHENA, FLORES TIMUR",,86253,shafiyah3k@mail2cowboy.com,07 December 1982,39.0,single,Rp28250000,S1
231,Halida,,F,Indonesian,"SAWANG, MELONGUANE, KEPULAUAN TALAUD",,95885,halida_k@delikkt.de,05 September 1999,nan,single,Rp32900000,Bachelor's degree
232,Basuki,Hawari,M,Indonesian,"LALONONA, AMONGGEDO, KONAWE",74.0,93463,basukitta@from-belgium.com,08 September 1999,,single,Rp.23000000,Bachelor's degree
233,Aisyah,Keumala,F,Indonesian,"PANJANG, BAE, KUDUS",,59326,aisyahkeumala8@pandora.be,15 March 1996,-26.0,married,Rp 43000000,S-1
234,Achmed,Slamet,M,Indonesian,"SINDULANG, CIMANGGUNG, SUMEDANG",32.0,45364,achmedslamet@jakuza.hu,15 August 1981,,single,Rp.4900000,S-1
235,Syarifah,Hafiza,F,Indonesian,"DOULE, RUMBIA, BOMBANA",,93771,hafizau@from-mexico.com,14 July 1996,25.0,married,Rp 20200000,Bachelor's degree
236,Wachid,,M,Indonesian,"SAMBIREJO, NGAWEN, GUNUNG KIDUL",34.0,55853,alamwachidq@excite.co.uk,22 September 1991,30.0,married,Rp11050000,Bachelor's degree
237,Prasetyo,,M,Indonesian,"SINDANGHURIP, BANTARUJEG, MAJALENGKA",,45464,sulaiman_e@smileyface.comsmithemail.net,17 February 1985,37.0,divorced,Rp 29250000,Bachelor's degree
238,Laela,,F,Indonesian,"TELUK PAKEDAI HULU, TELUK / TELOK PAKEDAI, KUBU RAYA",,78383,laela@m-a-i-l.com,03 January 1985,37.0,single,Rp.12350000,Bachelor's degree
239,Suryawati,Sherly,,Indonesian,"HAROME, OBAA, MAPPI",,99871,sherly@net-c.it,28 November 1980,41.0,lajang,Rp22900000,High school graduate
240,Jamaludin,Yacub,M,Indonesian,"SUNGAI GEDANG, SINGKUT, SAROLANGUN",,37482,jamaludinp@mail2nevada.com,13 March 1987,,single,Rp.20150000,Master's degree
241,Fatimah,Marlika,F,Indonesian,"BANDAEHA, OHEO, KONAWE UTARA",,93353,fatimahy4@sexmagnet.com,19 June 1989,128.0,married,Rp 32400000,High school graduate
242,Latip,Zulkifly,M,Indonesian,"PURWOKERTO, BRANGSONG, KENDAL",,51371,91f8ao@fastmail.co.uk,11 September 1984,37.0,single,Rp.41750000,S-1
243,Dzulkarnaen,,M,Indonesian,"CIPAYUNG, PADARINCANG, SERANG",,42168,dzulkarnaen0s@mail2hera.com,03 September 1984,37.0,single,Rp.27300000,Bachelor's degree
244,Nurma,Novita,,Indonesian,"PESIK, SOJOL UTARA, DONGGALA",,94356,novita2@mail2marriage.com,10 December 1997,24.0,single,Rp.35350000,Master's degree
245,Wangi,Annisa,F,Indonesian,"SIALINGAN, LEMBAK, MUARA ENIM",,31171,wangiannisav_@hackermail.com,18 August 1999,22.0,single,Rp12300000,Bachelor's degree
246,Samirah,Zeva,F,Indonesian,"TOLBUK (TOLLUK), KLAMPIS, BANGKALAN",,69153,zeva3r@easypost.com,20 May 1993,29.0,divorced,Rp 40550000,S-1
247,Habibah,,,Indonesian,"KAWINDA TOI, TAMBORA, BIMA",,84191,habibahl@wanadoo.co.uk,03 February 1994,,married,Rp 7500000,Bachelor's degree
248,Hafiza,Syakira,F,Indonesian,"BATU BULEK, LINTAU BUO UTARA, TANAH DATAR",,27292,syakirahafiza6e@buymoreplays.com,01 September 1984,37.0,single,Rp.4150000,Bachelor's degree
249,Suriana,Fadhilah,,Indonesian,"KARANGJATI, WONOSEGORO, BOYOLALI",,57382,surianak@sunmail1.com,09 December 1990,31.0,lajang,Rp.38800000,Bachelor's degree
250,Aisy,,,Indonesian,"PIPITMO, WOUMA, JAYAWIJAYA",,99511,aisy8h@mail2marvin.com,18 November 1981,40.0,belum menikah,Rp35800000,S-1
251,Khairina,Rochani,,Indonesian,"LOBO, KAIMANA, KAIMANA",,98654,rochaniiy6@cityoflondon.org,15 November 1991,,single,Rp15200000,Doctorate degree
252,Mochamad,Fajar,M,Indonesian,"SIAK, PANAGA, TOLIKARA",,99569,fajar1@acdcfan.com,03 October 1989,32.0,single,Rp19200000,S-1
253,Rizal,Ahmad,M,Indonesian,"LAM COK, LHOKNGA (LHO\NGA), ACEH BESAR",,23353,ahmadrizal_x+vjtimail.com,10 December 1987,nan,single,Rp.22000000,High school graduate
254,Chaidar,Rustam,M,Indonesian,"KARANG TALUN, TANON, SRAGEN",,57277,chaidarrustamg4@dodsi.com,09 May 1999,23.0,married,Rp 15950000,High school graduate
255,Lusilla,Widia,F,Indonesian,"HARJOSARI, DORO, PEKALONGAN",,51191,lusillaq@mariahc.com,12 April 1995,27.0,single,Rp6050000,Doctorate degree
256,Chairul,Bonifasius,M,Indonesian,"LADEA ORAHUA, GIDO, NIAS",,22871,bonifasiuschairuln@ahaa.dk,09 February 1993,,married,Rp 16150000,High school graduate
257,Munawar,Rahmat,Unknown,Indonesian,"TEKANA, BUANA PEMACA, OGAN KOMERING ULU SELATAN",,32264,rahmatmunawar6km@twc.com,29 October 1996,,belum menikah,Rp 17900000,S-1
258,Zulkifly,,M,Indonesian,"WAIBRON, SENTANI BARAT, JAYAPURA",,99358,widodozulkifly_lq@the-canadian.com,31 March 1980,,belum menikah,Rp 17100000,Doctorate degree
259,Setiawati,Skolastika,F,Indonesian,"NANGA RIYOI, SERAWAI (NANGA SERAWAI), SINTANG",,78683,skolastikasetiawatipx1@webskulker.com,02 May 1986,36.0,single,Rp.6650000,S-2
260,Abdurrahim,Kuat,,Indonesian,"SUTERA (SUTRA), SUKADANA, KAYONG UTARA",,78852,kuatf@beer.com,14 October 1990,31.0,married,Rp35700000,Bachelor's degree
261,Lutfi,Yakobus,,Indonesian,"LUMBUDOLO, BANAWA TENGAH, DONGGALA",,94351,_ri7ed@ukdreamcast.com,20 January 1985,37.0,single,Rp.23600000,Bachelor's degree
262,Mego,Khairul,M,Indonesian,"SIPURE, BALAESANG, DONGGALA",,94355,megowhs@servermaps.net,03 June 1989,33.0,single,Rp.24750000,Bachelor's degree
263,Haniah,,F,Indonesian,"LONG LUNUK, LONG PAHANGAI, KUTAI BARAT",,75768,haniahmn@quikmail.com,18 March 1995,27.0,belum menikah,Rp24350000,Bachelor's degree
264,Mega,,M,Indonesian,"PULO RANGKILEH, JEUNIEB, BIREUEN",,24263,mega6^lazyinbox.com,20 May 1983,39.0,single,Rp 5250000,S-2
265,Husin,Saepudin,M,Indonesian,"PELAWAD, CIRUAS, SERANG",,42182,saepudinhusiniz@metacrawler.com,26 February 1995,27.0,married,Rp.22250000,S-1
266,Khairuddin,Redha,M,Indonesian,"CICAU, CIKARANG PUSAT, BEKASI",,17530,khairuddinredham_j@email.women.com,20 June 1993,,single,Rp 33950000,Bachelor's degree
267,Syafii,Khairul,M,Indonesian,"SUKAMULYA, MEKARJAYA, PANDEGLANG",,42271,syafiikhairulh@thirdage.com,05 July 1990,31.0,married,Rp.44250000,Bachelor's degree
268,Livi,Nuraida,F,Indonesian,"DUWET, TUMPANG, MALANG",,65156,nuraidab@oso.com,21 March 1996,,lajang,Rp 24600000,S-1
269,Hasyim,,,Indonesian,"SILAM, KUOK (BANGKINANG BARAT), KAMPAR",,28463,agushasyim2@hotlinemail.com,09 October 1996,,menikah,Rp.35500000,Bachelor's degree
270,Anies,Rezki,Unknown,Indonesian,"TUKTUK SIADONG, SIMANINDO, SAMOSIR",,22395,rezki@finebody.com,11 November 1988,nan,single,Rp26300000,Bachelor's degree
271,Kartika,,F,Indonesian,"KARANGANYAR, PASEKAN, INDRAMAYU",,45213,kartika80@tycoonmail.com,19 November 1987,34.0,single,Rp3600000,S1
272,Meiliana,Nur,F,Indonesian,"LANDAU PANJANG, SEPAUK, SINTANG",,78662,meiliananurlvn@ecompare.com,01 December 1987,,married,Rp.11050000,Bachelor's degree
273,Mulyaningsih,Shafa,F,Indonesian,"MALAHU, LIMBOTO, GORONTALO",,96211,shafapgz@mail2suzie.com,20 June 1986,35.0,married,Rp5250000,High school graduate
274,Waqid,Zulkarnaen,M,Indonesian,"TUMUMPA SATU, TUMINITING, MANADO",,95239,3zbev54@mail2life.com,21 May 1985,,single,Rp 43650000,Master's degree
275,Ngurah,Abdurrahim,M,Indonesian,"KARANGTALUN LOR, PURWOJATI, BANYUMAS",,53175,ngurahabdurrahimbu@mail2senate.com,14 August 1993,,menikah,Rp29400000,Bachelor's degree
276,Fitri,,Unknown,Indonesian,"LAPOLE, MALIGANO, MUNA",,93674,lukyp@muslimemail.com,16 September 1989,,menikah,Rp35650000,Bachelor's degree
277,Komariah,Mulyaningsih,,Indonesian,"BUNTU BURAKE, MAKALE, TANA TORAJA",,91817,2d9gom3@techsniper.com,25 February 1982,40.0,single,Rp.32750000,Master's degree
278,Puspita,Aminah,,Indonesian,"KOTO BARU, SEPULUH KOTO (X KOTO), TANAH DATAR",,27151,aminahc@mail2exciting.com,26 May 1989,33.0,married,Rp35400000,Bachelor's degree
279,Budiarto,Mulyana,,Indonesian,"YONGGUN, TINGGINAMBUT, PUNCAK JAYA",,98912,mulyana57m@mail2gail.com,07 February 1982,40.0,married,Rp35600000,S-1
280,Anisa,,F,Indonesian,"PASAR BARU RANTAU, TABIR, MERANGIN",,37353,r6zr4nq3@soldier.hu,18 January 1987,35.0,belum menikah,Rp.18400000,Bachelor's degree
281,Ramli,Angkasa,M,Indonesian,"PATTONGKO, TELLU LIMPOE, SINJAI",,91671,angkasa6@blueyonder.co.uk,22 March 1990,,single,Rp.46300000,High school graduate
282,Ayu,Yunia,F,Indonesian,"SEI / SUNGAI NAGA LAWAN, PERBAUNGAN, SERDANG BEDAGAI",12.0,20986,yunia4@dog.com,31 March 1990,32.0,single,Rp 27850000,Bachelor's degree
283,Hapsah,Tya,F,Indonesian,"BAKALAN, BUGUL KIDUL, PASURUAN",35.0,67128,hapsah4@edtnmail.com,30 January 1995,27.0,single,Rp.40500000,S1
284,Kurnia,Arsal,Unknown,Indonesian,"DIAQ LAY, MUARA WAHAU, KUTAI TIMUR",,75655,arsal3n@homestead.com,02 July 1998,,married,Rp.23500000,S3
285,Yohanes,Fahmy,M,Indonesian,"PANTE LHONG, PEUSANGAN, BIREUEN",11.0,24261,yohanesfahmy30@kgb.hu,03 October 1990,31.0,married,Rp1350000,Bachelor's degree
286,Dewiana,Tousa,F,Indonesian,"BIATAPA, BIANDOGA, INTAN JAYA",91.0,98784,dewianajh@mystupidjob.com,11 January 1989,33.0,married,Rp 42650000,Master's degree
287,Susilawati,,,Indonesian,"BELIKURIP, BATURETNO, WONOGIRI",33.0,57673,ceudahsusilawati1k@lovetocook.net,02 January 1982,,married,Rp.3550000,Bachelor's degree
288,Akifah,Azima,F,Indonesian,"TELUK NAGA, TELUKNAGA, TANGERANG",,15510,azimaakifaho@vollbio.de,07 August 1984,,married,Rp.22100000,Bachelor's degree
289,Husnah,Kuntum,F,Indonesian,"CIKUNDUL, LEMBURSITU, SUKABUMI",32.0,43168,kuntumhusnaho@mailpuppy.com,22 November 1998,23.0,single,Rp.1200000,S2
290,Mastura,Suriani,F,Indonesian,"PANGAMBATEN, MEREK, KARO",12.0,22173,masturasurianiw@lagerlouts.com,21 September 1991,30.0,married,Rp.33900000,Bachelor's degree
291,Edhi,Hendra,M,Indonesian,"PILOLAHUNGA, POSIGADAN, BOLAANG MONGONDOW SELATAN",,95774,hendralo@wbdet.com,09 June 1990,32.0,single,Rp30350000,SMK
292,Tsarina,Maemunah,F,Indonesian,"TANAH BEKALI, TANAH SEPENGGAL, BUNGO",,37263,maemunahtsarinana@our-computer.com,02 April 1995,27.0,single,Rp.17750000,S1
293,Ilham,Setiawan,M,Indonesian,"JATAKE, JATIUWUNG, TANGERANG",,15136,setiawanilhamzye@mbx.cc,06 October 1988,,single,Rp 16150000,Bachelor's degree
294,Banyu,,M,Indonesian,"SUKO HARJO, NGAGLIK, SLEMAN",,55581,bonifasiusbanyuh@footard.com,31 March 1988,34.0,married,Rp 35700000,Bachelor's degree
295,Nugroho,,M,Indonesian,"MENDOGO, NGIMBANG, LAMONGAN",35.0,62273,syukrieu@usanetmail.com,07 September 1997,24.0,divorced,Rp.49150000,Master's degree
296,Fauziah,,F,Indonesian,"BILATO, BILATO, GORONTALO",,96264,fauziahlusillale6@ubbi.com,25 August 1996,25.0,single,Rp36700000,Master's degree
297,Rustam,Asef,M,Indonesian,"PATTANETEANG, TOMPOBULU, BANTAENG",,92461,asef11@st-davids.net,12 March 1985,37.0,married,Rp.8100000,S1
298,Boentoro,Hakim,M,Indonesian,"MEKONG, TEBING TINGGI BARAT, KEPULAUAN MERANTI",,28753,boentorohakimw@fusemail.com,01 July 1993,,single,Rp43700000,S-1
299,Prijono,,M,Indonesian,"PERKEBUNAN UPAH, BENDAHARA, ACEH TAMIANG",,24472,prijonochairule@schoolemail.com,27 September 1995,26.0,single,Rp.25650000,S-1
300,Kusumo,,M,Indonesian,"TATABA, BUKO, BANGGAI KEPULAUAN",,94881,junaedi@gocubs.com,10 June 1988,,single,Rp.25200000,Bachelor's degree
301,Noerdin,Adityas,,Indonesian,"TANGLAD, NUSAPENIDA, KLUNGKUNG",,80771,adityas#wronghead.com,13 October 1985,36.0,single,Rp.5900000,Bachelor's degree
302,Azizul,Muammar,M,Indonesian,"KOTA RAJA, AMUNTAI SELATAN, HULU SUNGAI UTARA",,71452,azizulp7@auctioneer.net,18 July 1988,33.0,married,Rp3100000,Doctorate degree
303,Fachriah,Fitriyana,F,Indonesian,"CIRANGRANG, BABAKAN CIPARAY, BANDUNG",,40227,dnkjf@mail2downtown.com,20 January 1997,25.0,married,Rp19900000,S2
304,Bagoes,Hanafi,M,Indonesian,"RANOAKO, TOULUAAN SELATAN, MINAHASA TENGGARA",71.0,95998,hanaficm@our-computer.com,22 November 1996,25.0,menikah,Rp48700000,S1
305,Rizqiyaningsih,Hayu,F,Indonesian,"SARADAN, PEMALANG, PEMALANG",,52319,hayurizqiyaningsihe94@outlook.cl,31 December 1986,35.0,menikah,Rp11750000,Master's degree
306,Jusuf,Bethari,M,Indonesian,"SARIREJO, BOGOREJO, BLORA",,58262,jusufp@hellokitty.com,22 June 1980,41.0,married,Rp26500000,Master's degree
307,Khrisna,,M,Indonesian,"LEMBENG, DUSUN SELATAN, BARITO SELATAN",,73713,gunturq@unforgettable.com,10 April 1991,31.0,single,Rp.17850000,Bachelor's degree
308,Banyu,,M,Indonesian,"SUKO HARJO, NGAGLIK, SLEMAN",,55581,bonifasiusbanyuh@footard.com,31 March 1988,34.0,married,Rp 35700000,Bachelor's degree
309,Meilanie,Raihanah,F,Indonesian,"GUNTURHARJO, PARANGGUPITO, WONOGIRI",,57678,raihanahmeilanie1@servemymail.com,17 August 1983,,divorced,Rp.38200000,Bachelor's degree
310,Ichsan,Fransiskos,M,Indonesian,"KENTONG, GLAGAH, LAMONGAN",,62292,ichsanfransiskosd@bobmail.info,22 March 1981,41.0,menikah,Rp.34050000,Bachelor's degree
311,Maimunah,Suriawati,,Indonesian,"LABUNG, TAPIN TENGAH, TAPIN",,71161,suriawatin@scarlet.nl,16 January 1993,nan,single,Rp30250000,S1
312,Suparman,Zulhelmi,M,Indonesian,"MOKMER, BIAK KOTA, BIAK NUMFOR",,98118,zulhelmisuparman7xk%munich.com,02 August 1984,-37.0,married,Rp 1750000,High school graduate
313,Khaerunnisa,Batari,F,Indonesian,"MAWALI, LEMBEH UTARA, BITUNG",71.0,95555,batarilg@aol.com,13 August 1989,32.0,lajang,Rp1450000,S-1
314,Amir,Kamaludin,M,Indonesian,"TANJUNG PUTRI, ARUT SELATAN, KOTAWARINGIN BARAT",,74117,amirvu@cox.net,14 September 1987,34.0,divorced,Rp 36900000,Doctorate degree
